9785	18077	10	1.0	24171	2740	忠不敢为奸贤不敢为恶	忠不敢为奸贤不敢为恶
9785	18077	11	0.8181818181818181	24908	3423	与我善者为善人与我恶者	与我善者 善之与我恶者
9785	18077	10	0.8	26550	56413	妖蟆食月翼虎生风	妖蟆食月翼虎生风
9785	18077	10	0.8	27655	53391	顺天府蓟州人登万历	顺天府蓟州人中万历
9785	18077	10	0.9	27662	62207	万历四十一年癸丑科	万历四十一年癸丑科
9785	18077	12	1.0	30196	43011	魏大中袁化中周朝瑞顾大章	魏大中袁化中周朝瑞顾大章
9785	18077	10	0.8	30965	41815	削籍为民追夺诰命	削籍为民追夺诰命
9785	18077	10	0.8	31983	4136	狐假虎威妄自尊大	狐假虎威妄自尊大
9785	18077	16	1.0	35396	62380	乘机严刑拷逼刘福诬招家主刘铎贿买	乘机严刑拷逼刘福诬招家主刘铎贿买
9785	18077	10	1.0	35448	62566	神奸贿嘱左道术害重臣	神奸贿嘱左道术害重臣
9785	18077	10	0.9	35479	48486	着锦衣卫 差的当官旗	着锦衣卫即差的当官旗
9785	18077	10	0.9	35479	48496	着锦衣卫 差的当官旗	着锦衣卫即差的当官旗
9785	18077	11	0.9090909090909091	35479	55063	着锦衣卫 差的当官旗前	着锦衣卫即差的当官旗前
9785	18077	11	0.9090909090909091	35479	57909	着锦衣卫 差的当官旗前	着锦衣卫即差的当官旗前
9785	18077	10	0.8	35561	63276	合依卑幼谋尊长的律	合依卑幼谋尊长 律
9785	18077	10	0.8	35616	31883	武进士顾同寅戏弄文	武进士顾同寅戏为文
9785	18077	14	1.0	35843	36096	纷纷士民号唿一拥而入疾声大噪	纷纷士民号唿一拥而入疾声大噪
9785	18077	14	1.0	35881	36110	奔雷掣电之势几成斩木揭竿之形	奔雷掣电之势几成斩木揭竿之形
9785	18077	12	0.8333333333333334	35896	36141	将犯官周顺昌仍前拘护 俟 解	将犯官周  仍前拘护以俟扭解
9785	18077	88	0.8181818181818181	35977	36342	梆号召者为马杰临期有传香盟众者为颜佩韦同时有纠聚凶徒 者为沈扬有攘臂先登迫逐丛殴者为杨念如周文元此皆一时   倡乱悯不畏死   所当速正典刑    者也至如佐哄助燄则有吴时焕刘应文	梆号召者为马杰临期 传香盟众者为颜佩韦同时有纠聚 徒众者为沈扬有攘臂先登迫逐丛殴者为扬念如周文元此皆一时生衅之渠魁悯不畏死之剧奸所当速正典刑以除元凶者也至如佐哄助焰则有吴时信刘应文
9785	18077	11	1.0	36056	36433	跳舞狂言则有丁奎季卯孙	跳舞狂言则有丁奎季卯孙
9785	18077	101	0.89	36073	36469	也如招摇稠众之中以城外而唿人于城 内则许成也舣舟胥江之浒以河东而渡人于河以西则邹应贞也      以肉价之抑勒而诟谇大作至衅起旁观互相佐哄则屠肆戴镛也嗔只应之过索而张皇狂叫致声闻远迩忽生事端则驿卒阳芳也	也如招摇稠众之中以城外而唿人于城以内则许成也舣舟胥江之浒以河东而渡凶于河以西则邹应贞也固理所不贷也以肉价之抑勒而诟谇大作至祸起旁观互相佐哄则屠肆戴镛也嗔秪应之过索而张皇狂叫致声闻远迩忽生事端则驿卒杨芳也
9785	18077	21	0.8571428571428572	38498	37879	袭授锦衣卫指挥加升后军都督府右都督素无过端	袭授锦衣卫指挥加升后   府右都督素无过端
9785	18077	32	0.90625	39125	26119	开有持寸刃入宫 门 者绞入皇城门内者杖一百发边远充军又向太庙宫殿 射	开有持寸刃入宫殿门内者绞入皇城门内者杖一百发边远充军又向  宫殿骑射
9785	18077	10	0.8	39153	26173	宫殿射箭放弹  者绞	宫殿射箭放弹投砖者绞
9785	18077	10	0.8	39342	26451	盗刺客东虏西越的人	盗刺客东虏西越之人
9785	18077	10	0.8	39455	25926	简选精兵训练大内	简选精兵训练大内
9785	18077	19	0.8421052631578947	39544	25993	肃清队伍谁敢参差 跬步盛壮威容咸尊纪律	肃清队伍谁敢参差于跬步盛壮军容咸遵纪律
9785	18077	11	0.8181818181818181	39578	26034	手持令帜士卒悉受其指麾	手持令帜三军悉受其指麾
9785	18077	10	0.9	39606	26056	燕雀高飞于五云之外	燕雀高飞于五云之外
9785	18077	10	0.8	40222	30184	镇守一应兵马钱粮	镇守一应兵马钱粮
9785	18077	205	0.8	40861	26683	文官有总督陕西三边军务都御史总督宣大山西军务兼粮饷都御史总督蓟辽保定等处军务兼理粮饷经略备倭都御史整饬蓟州等处边备兼巡抚都御史巡抚保定提督紫荆等关兼海防军务都察院右副都御史巡抚山西地方提督雁门等关都御史出镇行边督师蓟镇登莱天津等处军务兼巡抚辽东  都御史提督军务巡抚辽东山海关等处都御史巡抚登莱筹处地方备兵防海赞理征东军务兼管粮饷都督院右副都御史巡抚宣府赞理军务都      察院右佥都御史巡抚大同赞理军务都	文官有总督陕西三边军务都御史总督宣大山西军务兼粮饷都御史总督蓟辽保定等处军务兼理粮饷经略备倭都御史整饬蓟州等处边备兼巡抚都御史巡抚保定提督紫荆等关兼海防军务都     御史巡抚山西地方提督鴈门等关都御史出镇行边督师蓟镇登莱天津等处军务兼巡抚辽东地方都御史提督军务巡抚辽东山海关等处都御史巡抚登莱等处地方备兵防海赞理征东军务兼管粮饷都     御史巡抚宣府赞理军务都御史巡抚大同赞理军务都御史巡抚宁夏赞理军务都
9785	18077	10	0.8	40939	62790	都察院右副都御史	都察院右副都御史
9785	18077	10	0.8	40939	63437	都察院右副都御史	都察院右副都御史
9785	18077	10	0.8	40939	64289	都察院右副都御史	都察院右副都御史
9785	18077	43	0.9069767441860466	41077	26909	都御史巡抚天津备兵海防策应缓急兼理粮饷都察院右都御史经略辽东等处军务驻札山海关兵部尚书	都御史巡抚天津备兵海防策应缓急兼理粮饷都    御史经略辽东等处军务驻札山海关兵部尚书
9785	18077	94	0.8404255319148937	41131	26962	镇守蓟镇永平防海御倭总兵官镇守昌平居庸地方总兵官镇守保定等处地方总兵官镇守临巩等处地方总兵官镇守宁夏挂征西将军印总兵官镇守山海关经理辽东等处挂平虏将军印总兵官镇守辽东挂平辽将军印总兵官总镇	镇守蓟镇永平防海御倭总兵官镇守昌平居庸地方总兵官镇守保定等处地方总兵官镇守临巩等处地方总兵官镇守宁夏挂征西将军印总兵官镇守       延绥挂征西将军印总兵官镇守甘肃挂平羌将军印总兵官 镇
9785	18077	10	0.9	41159	27084	等处地方总兵官镇守	等处地方总兵官镇守
9785	18077	26	1.0	41225	27080	督防延宁等处地方总兵官镇守平辽驻札朝鲜地方挂印总兵官	督防延宁等处地方总兵官镇守平辽驻札朝鲜地方挂印总兵官
9785	18077	17	0.8823529411764706	43230	28934	紫禁中花萼交辉御苑内莺燕喈鸣魏忠贤	紫禁中花萼交辉上林内莺燕喈鸣魏忠贤
9785	18077	10	0.8	43689	29030	指麾千军齐出水次百将	指麾千军齐出  百将
9785	18077	17	0.8823529411764706	43703	29040	五方悬帜彩光守目一语开操炮声震耳倏	五方悬帜彩光夺目一语开操炮声振耳倏
9785	18077	46	0.8478260869565217	43722	29059	舟之前忽分队伍之次鼙鼓激动波光零沓旗枪密布云影交驰突见武弁戎装叩头报道天门阵势勇纠纠貔貅四列	舟之前忽分队伍之次鼙鼓激动波光零沓旗鎗密布云影交驰突见武弁戎装跃马报曰天门阵势  则貔貅四列
9785	18077	12	0.8333333333333334	43789	29123	以鼓而进闻金而退 圣上喜悦	以鼓而进闻金而退于是上 悦
9785	18077	46	0.8478260869565217	43849	29170	分为五队点点如花簇起江心人人似虎踊跃舟间随开随伏或左或右散馒零乱 收复则壹 天颜愈喜  群臣	分为五队点点如花簇起垓心人人似虎踊跃行间随开随伏或左或右散漫零乱而收复则壹也天颜愈喜以是群臣
9785	18077	20	1.0	43952	29256	海外击其首则尾应击其尾则首应首尾相顾前后	海外击其首则尾应击其尾则首应首尾相顾前后
9785	18077	26	0.8846153846153846	44036	29304	八卦军容愈壮游师四闯不能入士气增雄逻卒周围鼓其勇正是	八卦军容愈壮游骑四闯不能入士气增雄逻卒周遭鼓其勇于是
9785	18077	10	0.9	44076	29330	圣意大悦犒赏三军千	圣意大悦犒赏三军千
9785	18077	12	0.8333333333333334	44108	29358	经济多才日色将暮传旨驾回	经济多才日之将瞑传旨驾回
9785	18077	69	0.8405797101449275	45122	34938	地震从西北方起东南而去其声如雷摇塌城楼城墙二十八处那浑源州从西起城撼山摇却像霹雳冲出将城垣大墙并四面官墙都震倒了那王家堡只见天上飞来云气一	地震从西北 起东南而去其声如雷摇塌城楼城墙二十八处 浑源州从西起城撼山摇 若霹雳冲出将城垣大墙并四面官墙 震倒甚多王家堡  天 飞 云气一
9785	18077	54	0.8703703703703703	45215	35018	自卯至午不时摇动本堡男妇群集涕泣之声遍野摇倒内外女墙及里大墙    仓廒公暑军民房屋十颓八九压死了无数的人惨不可言	自卯至午不时摇动本堡男妇群集涕泣之声遍野摇倒内外女墙及里大墙二十余丈仓廒公署军民房屋十颓八九压死   多命惨不可言
9785	18077	15	0.9333333333333333	45639	39792	剥军激变之罪一诬了监盗仓粮之罪	剥军激变之罪一诬以监盗仓粮之罪
9785	18077	17	0.9411764705882353	45936	11286	正月廿三日大营鞑子都到宁远扎营一日	正月廿三日大营鞑子俱到宁远扎营一日
9785	18077	35	0.8285714285714285	45936	35089	正月廿三日大营鞑子都到宁远扎营一日至廿四日寅时攻打西南城角	正月廿三日大营鞑子俱到宁远扎营一日至廿四日寅时攻打西南城角
9785	18077	12	1.0	45953	35106	至廿四日寅时攻打西南城角	至廿四日寅时攻打西南城角
9785	18077	12	0.8333333333333334	46065	11346	浇油并搀入火药用铁索系下	浇油并搀 火药用铁绳系下
9785	18077	37	0.8108108108108107	46065	35154	浇油并搀入火药用铁索系下健卒五十人将鞑贼战车尽行烧燬贼奴 大败而去这一座城墙	浇油并搀 火药用铁绳系下健卒五十人将鞑贼战车尽行烧 毁奴贼大败而去   城墙
9785	18077	20	0.9	46077	35165	健卒五十人将鞑贼战车尽行烧燬贼奴 大败而去	健卒五十人将鞑贼战车尽行烧 毁奴贼大败而去
9785	18077	12	0.9166666666666666	46123	35203	城垣门楼焕然了新坚固倍常	城垣门楼焕然一新坚固倍常
9785	18077	12	0.8333333333333334	46875	33674	队伍旗帜蔽天内监中官百人	队伍旗帜蔽天  中官百人
9785	18077	58	0.8275862068965517	46901	33692	尽执旃檀烟云映日铁骑纷纷围绕其车冠裳肃肃拥护于道五彩绚耀居曲羽幢垂地一人游幸飘摇翠盖笼头万乐齐鸣从警跸千骑竞指到神州	尽执旃檀烟云映日铁骑纷纷围遶其车冠裳肃肃拥护于道五彩绚耀屈曲羽幢垂地一人游幸飘摇翠盖笼头       千骑竞指乎神州
9785	18077	10	0.8	48987	34348	金鼓震天旌旗蔽野	金鼓震天旌旗蔽野
9785	18077	16	1.0	49615	10088	皆赖厂臣擘画出之独断经营运以真心	皆赖厂臣擘画出之独断经营运以真心
9785	18077	29	0.9310344827586207	49631	10138	举数十年难就之工作千百万莫措之浩费 一日奏功于俄顷节约于无	举数十年难就之工作千百万莫措之浩费而一旦奏功于俄顷节约于无
9785	18077	13	0.9230769230769231	49660	10436	笃生元臣 荩诚映日谋画规天	笃生元臣魏荩诚映日谋画规天
9785	18077	10	0.8	49664	15288	荩诚映日谋画规天	荩诚映日谋画规天
9785	18077	24	0.875	49673	10479	国之法治工曲木不加粱柱 课吏之务课艺秋毫莫肆侵牟	国之法治工曲木不加梁柱以课吏之条课艺秋毫莫肆侵牟
9785	18077	28	0.9285714285714286	49696	10533	心计运乎无限省金钱 何啻亿万指使联于有位董将作 捷于公输	心计运乎无限省金钱者何啻亿万指使联于有位董将作者捷于公输
9785	18077	27	0.9259259259259259	49697	10534	计运乎无限省金钱 何啻亿万指使联于有位董将作 捷于公输	计运乎无限省金钱者何啻亿万指使联于有位董将作者捷于公输
9785	18077	21	0.9523809523809523	49723	10645	核有法半镪无冒破之虞省试为勤百工有兼程之绩	核有法半镪无冒破之虞省试唯勤百工有兼程之绩
9785	18077	20	0.95	49724	10646	有法半镪无冒破之虞省试为勤百工有兼程之绩	有法半镪无冒破之虞省试唯勤百工有兼程之绩
9785	18077	36	0.9722222222222222	49744	10834	经画有方鼓舞有术一人得一人之用一日课一日之程有玩愒自无虚靡无稽延自无破冒	经画有方鼓舞有术一人得一人之用一日课一日之程无玩愒自无虚靡无稽延自无破冒
9785	18077	13	0.9230769230769231	49963	36980	缉事衙门原为京师四方人杂处	缉事衙门原为京师四方 杂处
9785	18077	16	1.0	50199	19930	志切忠君心怀补衮搜剔异弊摘发神奸	志切忠君心怀补衮搜剔异弊摘发神奸
9785	18077	10	0.9	50219	20039	大挫强虏功高绩茂 赏	大挫强虏功高绩茂爵赏
9785	18077	10	0.8	50696	11488	马上夜至五鼓撤兵	马上夜至五鼓撤兵
9785	18077	10	0.8	50710	11576	金匣盛老罕遗骨葬	金匣盛老罕遗骨葬
9785	18077	309	0.85	50743	11654	示谕辽东官兵士民及金白东西各忠义等夷知悉奴酋暴虐逆天坏我辽土辽民杀戮附近各夷天人共愤今违天冒暑犯我封疆西域一战是天亡奴贼但中有所伤者多是我辽人我属夷我心深为悯至奴酋不量力远攻宁远又被我兵杀死无数如锦州城南亦被我兵杀死者多连日他的动静我岂不知欲加兵于巢穴虑恐玉石不分所以稍缓以待西南之大兵到日同你们约定的机关里应外合岂能逃哉你们得便下手不必太速东西恭顺属夷速去宁远投降我辽东之众不必赴宁远投降可在此共图 灭贼 失封候之爵宁加被奴逼死于矢石之下乎奴如轻视锦州锦州官兵无不用命杀贼他若速临城速死迟临城迟死只恐他原望锦州他的巢穴倒被我水兵陆兵剿得空了那时奴贱有家难奔后悔何及你等有忠义者速图之勿失前言特谕	示谕辽东官兵士民及金白东西各忠义等夷知悉奴酋暴虐逆天坏我辽土辽民 僇附近各夷天人共愤今违天冒暑犯我封疆西城一战是天亡奴贼但中有所伤者多是我辽人我属夷我心深为悯至奴酋不量力远攻宁远又被我兵杀死无数如锦州城南亦被我兵杀死者多连日他的动静我岂不知欲加兵于巢穴虑恐玉石不分所以稍缓以待西南之大兵到日同你们约定的机关里应外合岂能逃哉你们得便下手不必太速东西恭顺属夷速去宁远投降我辽东之众不必赴宁远投降可在此共图灭 贼不失封侯之爵宁如被奴逼死于矢石之下乎奴如轻视锦州锦州官兵无不用命杀贼他若速临城速死迟临城迟死只恐他原望锦州他的巢穴到被我水兵陆兵剿得空了那时奴贼有家难奔后悔何及你等有忠义者速图之勿失前言特谕
9785	18077	15	1.0	51150	12638	厂臣干国精忠一切器械粮草尽心筹	厂臣干国精忠一切器械粮草尽心筹
9785	18077	16	1.0	51180	12709	之守三战三捷奴酋伎俩已尽狼狈归穴	之守三战三捷奴酋伎俩已尽狼狈归穴
9785	18077	12	0.9166666666666666	51212	12771	奏未有之肤动振积弱之暮气	奏未有之肤功振积弱之暮气
9785	18077	67	0.8656716417910448	51224	12807	宁锦危急羽书狎至厂臣仰念  宵肝不遑宁处调集援兵以图万全而马匹而粮饷而器械悉督发不遗余力若奉调士卒依期前至   东顾之忧不借之以消释哉	宁锦危急羽书狎至厂臣仰念皇上宵旰不遑宁处调集援兵以图万全而马匹而粮饷而器械悉督发不遗余力若奉调士卒依期前至我皇上东顾之虞不籍之以稍释哉
9785	18077	10	0.8	51286	13194	锦宁之捷大振积麾	锦宁之捷大振积麾
9785	18077	10	0.8	51286	24345	锦宁之捷大振积麾	锦宁之捷大振积麾
9785	18077	123	0.9	51294	13206	皆赖厂臣一腔忠诚万全筹画恩威造运手握治平之枢谋断兼资胸涵匡济之略安内攘外济弱扶顷念殊勋之难酬宜恩加之中钖是时有个吏部尚书 奏为元臣殚心为国事奉圣旨魏忠贤报国心丹吞胡壮志 严正戎备立三捷之奇功雪耻除凶洗一年之积恨绩奏安攘坚列山河宁恶彝典昭然世爵褒封允当	皆赖厂臣一腔忠诚万全筹划恩威造运手握治平之枢谋断兼资胸涵匡济之略安内攘外济弱扶倾念殊勋之难酬宜恩加之中    锡吏部尚书某奏为元臣殚心为国事奉圣旨魏忠贤报国心丹吞胡 志壮严正戎备立三捷之奇功雪雠除凶洗十年之积恨绩奏安攘坚列山河宁晋彝典昭然世爵褒封允当
9785	18077	11	1.0	51334	24372	念殊勋之难酬宜恩加之中	念殊勋之难酬宜恩加之中
9785	18077	10	0.8	51350	24445	吏部尚书奏为元臣殚心	吏部尚书  元臣殚心
9785	18077	63	0.8095238095238095	51364	24455	圣旨魏忠贤报国心丹吞胡壮志 严正戎备立三捷之奇功雪耻除凶洗一年之积恨绩奏安攘坚列山河宁恶彝典昭然世爵褒封允当	圣旨魏忠贤报国心丹吞胡 志壮严正戎备立三捷之奇功雪耻除凶洗十年之积恨绩奏安攘坚列山河宁晋彝典昭然世爵褒封允当
9785	18077	10	1.0	51477	40151	八月二十一日陆万龄等	八月二十一日陆万龄等
9785	18077	10	0.8	51543	22187	锦衣卫都指挥都督同知	锦衣卫都指挥  同知
9785	18077	36	0.8333333333333334	51760	13939	不得不争 本部在内元功有荫抚臣在外有功无荫不敢不让这时节魏忠贤正要居功于内	不得不争且本部在内无功有荫抚臣在外有功无荫不敢不让是时  忠贤 方居功于内
9785	18077	41	0.8536585365853658	51819	14029	五等之爵系开国元勋不过几人目今只有擒得奴酋复得辽东的方可以当这封拜  其余 不足说是功	五等之爵即开国元勋不过几人目今只有擒得奴酋复得辽东者方可以当 封拜之命其余俱不足 言功
9785	18077	13	0.8461538461538461	51905	14112	如今外面有人说闲活魏忠贤大	如今外面有人说闲 话忠贤大
9785	18077	25	0.88	51920	14126	外面有人说我无功 这些恩典俱不该到我的我如今都不受了	外面有人说我无功说这些恩典俱不该及我 我如今俱不受了
9785	18077	24	0.8333333333333334	53215	39320	连云巍然独峙于胜境金碧耀日俨如天上之王宫门赐金额	连云巍然独峙于胜境金碧耀日俨如无上之王宫各题其额
9785	18077	10	0.8	53242	39346	崇德茂勋普惠报功	崇德茂勋普惠报功
9785	18077	10	0.8	53268	39360	三朝捧日一柱擎天	三朝捧日一柱擎天
9785	18077	52	0.9423076923076923	53829	54591	参将靳廷桂为天津守祠官游击钱体干为河 南守祠官都司张梦吉为蔚州守祠官百户枕尚文为浙江守祠官到处献媚劳民伤财	参将靳廷桂为天津守祠官游击钱体干为河间府守祠官都司张梦吉为蔚州守祠 百户沈尚文为浙江守祠官到处献媚劳民伤财
9785	18077	16	0.8125	54070	38794	四表里宫花二枝金玉羊酒  各藩府	四表里宫花二枝金玉羊酒甚厚各籓府
9785	18077	10	0.8	54166	38858	金卮玉斝镌姓雕名	金卮玉斝镌姓雕名
9785	18077	12	0.8333333333333334	54185	38874	珍奇充栋筐篚盈庭层门悬帨	珍奇充栋筐篚盈庭  悬帨
9785	18077	10	0.9	55105	38525	我风鉴一世阅人多矣	我风鉴一世阅人多矣
9785	18077	10	0.8	56221	40955	兵部尚书崔京来百官	兵部尚书崔家来百官
9785	18077	14	0.8571428571428572	56239	40971	所言公当同众人公言之天下事岂	所言公当与众 公言之天下事岂
9785	18077	10	0.9	56912	18078	都察院右副都御史杨	都察院右副都御史杨
9785	18077	10	0.8	56912	62790	都察院右副都御史	都察院右副都御史
9785	18077	10	0.8	56912	63437	都察院右副都御史	都察院右副都御史
9785	18077	10	0.8	56912	64289	都察院右副都御史	都察院右副都御史
9785	18077	10	1.0	56938	47764	云南道御史杨维垣题为	云南道御史杨维垣题为
9785	18077	14	0.9285714285714286	56972	48027	通政使杨绍震题为大奸叛迹已彰	通政使杨绍震奏为大奸叛迹已彰
9785	18077	10	0.9	57107	18458	嘉兴县恩贡生钱嘉征	嘉兴县恩贡生钱嘉征
9785	18077	10	0.8	57225	50904	福建道御史王会图	福建道御史王会图
9785	18077	10	0.8	57289	18016	浙江道御史龚萃肃	浙江道御史龚萃肃
9785	18077	10	0.8	57500	18280	太常寺少卿  阮大钺	太常寺少卿而名阮大钺
9785	18077	14	0.8571428571428572	57573	45213	未正国宪伏乞一怒以畅仁明之怀	未正国宪伏惟一念以畅仁明之怀
9785	18077	14	0.9285714285714286	57573	46420	未正国宪伏乞一怒以畅仁明之怀	未正国宪伏惟一怒以畅仁明之怀
9785	18077	21	0.9047619047619048	57867	43883	为锦衣卫指挥使侯降为指挥同知伯降为指挥佥事	为锦衣卫指挥使侯改为指挥同知伯改为指挥佥事
9785	18077	408	0.9	58259	48730	朕览诸臣屡疏陈列逆恶魏忠贤滔天大罪状朕已洞悉切思先帝以左右微劳稍加恩宠忠贤不思尽忠报国以酬恩遇乃逞恩植党怙恶肆奸擅作成福难以枚举略数其概将皇兄     封成妃李氏假旨革夺至今含冤未雪威逼己封裕妃张氏立致捐生虽死九泉其目未瞑借旨擅将敢谏忠直之臣罗织削夺惨毒备至串同心腹酷刑严拷诬捏赃私立毙多命他若蹇谔痛于杖下善良枯子立枷臣民重足道路侧目而奸恶身受三爵位崇王等极人臣未有之荣通同容氏表里为奸当先帝弥留之时犹复叨恩进     秩无有纪极今赖祖宗在天之灵二犯罪恶次第毕露朕心又思忠贤等不止窥攘名器紊乱刑章将我祖宗蓄积库贮传国奇珍异宝金银财物朋比盗窃几至一空何物神奸大胆乃尔本当寸磔会梓官在殡姑置凤阳即将二犯家产着锦衣卫会同五城御史亲诣住所将家资庄田及违禁等物尽数籍没入官逐件开列具奏其原籍违式服舍等项着落有司清查具奏如有隐慝等情许据实纠参一并连坐亦不许株连无辜其冒褴弟姪亲属俱发姻瘴地面永远充军呜唿大奸脱距国典用彰自罹于辟情罪永     孚特谕	朕览诸臣屡疏陈列逆恶魏忠贤滔天大罪状朕已洞悉切思先帝以左右微劳稍加恩宠忠贤不思尽忠报国以酬恩遇乃逞恩植党怙恶肆奸擅作威福难以枚举略数其概将皇兄怀宁公主生母成妃李氏假旨革夺至今含冤未雪威逼已封裕妃张氏立致捐生虽死九原其目未瞑借旨擅将敢谏忠直之臣罗织削夺惨毒备至串同心腹酷刑严拷诬捏赃私立毙多命他若蹇谔痛于杖下善良枯于立枷臣民重足道路侧目而奸恶身受三爵位崇王等极人臣未有之荣通同客氏表里为奸当先帝弥留之时     尤复叨恩进秩无有纪极今赖祖宗在天之灵二犯罪恶次第毕露朕心又思忠贤等不止窥攘名器紊乱刑章将我祖宗蓄积库贮保国奇珍异宝金银财物朋比盗窃几至一空何物神奸大胆乃尔本当寸磔会梓宫在殡姑置凤阳即将二犯家产着锦衣卫会同五城御史亲诣住所将家赀庄田及违禁等物尽数籍没入官逐件开列具奏其原籍违式服舍等项着落有司清查具奏如有隐匿等情许据实纠参一并连坐亦不许株连无辜其冒滥弟侄亲属俱发烟瘴地面永远充军呜唿大奸脱距国典用彰自罹     于辟情罪允孚特谕
9785	18077	62	0.8064516129032258	58259	55198	朕览诸臣屡疏陈列逆恶魏忠贤滔天大罪状朕已洞悉切思先帝以左右微劳稍加恩宠忠贤不思尽忠报国以酬恩遇 乃逞恩植党怙恶肆奸	朕览诸臣屡疏陈列逆恶魏忠贤滔天 罪状具已洞悉窃思先帝以左右微劳稍假恩宠忠贤不思尽忠报国以酬隆遇专一逞私植党怙恶作奸
9785	18077	75	0.84	58259	58319	朕览诸臣屡疏陈列逆恶魏忠贤滔天大罪状朕已洞悉切思先帝以左右微劳稍加恩宠忠贤不思尽忠报国以酬恩遇 乃逞恩植党怙恶肆奸    擅作成福难以枚举略数其概将皇兄	朕览诸臣屡疏陈列逆恶魏忠贤滔天 罪状具已洞悉切思先帝以左右微劳稍假恩宠忠贤不思尽忠报国以酬隆遇专以逞私植党怙恶作奸盗弄国柄擅作威福难以枚举略数其概将皇兄
9785	18077	154	0.8	58331	58400	成妃李氏假旨革夺至今含冤未雪威逼己封裕妃张氏立致捐生虽死九泉其目未瞑借旨擅将敢谏忠直之臣罗织削夺惨毒备至  串同心腹酷刑严拷诬捏赃私立毙多命他若蹇谔痛于杖下善良枯子立枷臣民重足道路侧目而奸恶 身受三爵位崇王等极人臣未有之荣通同容氏表里为奸当先帝弥留之时犹复叨恩进秩无有纪极今赖祖宗在天之灵	成妃李氏假旨革夺至今含冤未泄威逼已封裕妃张氏立致弃生虽死九泉其目未瞑借旨擅将敢谏忠直之臣罗织削夺惨毒备至又复串同心腹酷刑严拷诬捏赃私立毙多命他若謇谔痛于杖下柔良苦于立枷臣民重足道路以目而奸恶乃身受三爵并崇王等极人臣未有之荣通同客氏表里为奸当先帝弥留之时犹复叨恩晋秩无有纪极今赖祖宗在天之灵
9785	18077	10	0.8	58331	61984	成妃李氏假旨革夺	成妃李氏假旨革夺
9785	18077	67	0.8805970149253731	59459	51724	大司马曾不若 汝之风尘女子始逼父母之命而失节终禀丈夫之气以殉身虽无韩郡君枹鼓军中之概却有虞夫人短剑江头之烈可惜你空有一点素心 恨不得其人耳	大司马曾不若灵犀之风尘女子始逼父母之命而失节终禀丈夫之气以殉身虽无韩国君枹鼓军中之概而有虞夫人短剑江头之烈   徒有一点素心第惜不得其人耳
9785	18077	10	0.9	59528	27994	天启七年十一月初六日	天启七年十一月初五日
9785	18077	10	0.8	59528	45117	天启七年十一月初六日	天启七年十二月初一日
9785	18077	10	0.9	59528	63426	天启七年十一月初六日	天启七年十一月初十日
9785	18077	10	0.9	59528	64349	天启七年十一月初六日	天启七年十一月初十日
9785	18077	10	0.9	59528	64553	天启七年十一月初六日	天启七年十二月初六日
9785	18077	43	0.813953488372093	59586	50755	本官家内查勘本官委系在本宅书房二粱上用汗巾缢死各官眼同  将尸卸下停枢在家其妾肖氏用剑自刎	本官家内查勘本官委 在本宅书房二梁上用汗巾缢死  眼同各官将尸卸下停柩在宅其妾萧氏用刀自刎
9785	18077	10	0.8	62478	57090	魏良卿侯国兴崔铎	魏良卿侯国兴崔铎
9785	18077	496	0.83	62488	56164	前情明白道会看得人臣无将将则必诛况刀锯之余没乎魏忠贤挟先帝宠灵箝制中外交结客氏睥睨宫闱其大者如嗔怒张国纪则立枷而杀数命且连纵鹰犬必动摇 乎大内私憾成妃裕妃则矫诏而革封御至摧抑难堪竟甘心于非命且夫 不知上有君父矣其于臣僚何有于是言官死仗大臣死狱守臣死于市曹缇骑四出道路惊魂告密一开都民重足生祠遍海内半割素王之宫谀颂满公 事如同新莽之世至尊在上而自命上公开国何勋而数分茅土尚嗾无耻之秽侯铁骈九命迭出心腹之内党遍踞雄边至于出入禁门陈兵自卫战马死士充满私家此则路人皆知司马昭之心蓄谋非指鹿之下者也天讨首加寸磔为快客氏妖蟆食月翼虎生风辇上声息必闻禁中摇手相戒使国母常怀乎忧愤致二妃久抱乎沉冤且先帝弥留之旦诈传荫子尚以一为嫌私藏见籍之赃绝代奇珍 皆出尚方之积通天是罪盗国难容崔呈秀则人类鸱鸮衣冠狗彘谁无母子而金绯蟒玉忍不奔丧自有亲父而婢膝奴颜作阉干子握中枢而推弟总镇兵柄尽出其家门位司马而仍总兰台立威欲箝乎言路睚眦之仇必  报威福之燄日熏总宪夙仇近为池中之鬼铨郎乍吓惊悬粱上之缳凡逆竖之屠戮士绅背本犯之预谋帷幄选娼挟妓歌舞达于朝昏鬻爵卖官黄金高于北斗假山冰泮游釜魂销虽已幽快于鬼诛仍当明章于国法	前情明白 会看得人臣无将将则必诛况刀锯之余役乎魏忠贤挟先帝宠灵箝制中外交结客氏睥睨宫闱其大者如嗔怒张国纪则立枷而杀数命且连纵鹰犬必 摇动乎中宫私憾成妃裕妃则矫诏而革封御至摧抑难堪竟甘心于非命 夫且不知上有君父矣其于臣僚何有于是言官死杖大臣死狱守臣死于市曹缇骑四出道路惊魂告密一开都民重足生祠遍海内半割素王之宫谀颂满公交车如同新莽之世至尊在上而自命尚公开国何勋而数分茅土尚嗾无耻之秽侯欲骈九命迭出心腹之内党遍踞雄边至于出入禁门陈兵自卫战马死士充满私家此则路人 知司马 之心蓄谋非指鹿之下者也天讨首加寸磔为快客氏妖蟆食月翼虎生风辇上声息必闻禁中摇手相戒使国母常怀乎忧愤致二妃久抱乎沉冤且先帝弥留之旦诈传荫子尚以一为嫌私藏见籍之赃绝代 珍奇皆出尚方之积通天是罪盗国难容崔呈秀则人类鸱鹗衣冠狗彘谁无母子而金绯蟒玉忍不奔丧自有亲父而婢膝奴颜作阉干子握中枢而推弟总镇兵柄尽出其家门位司马而仍总兰台立威欲箝乎言路睚眦之仇必报威  福之焰日熏总宪夙仇迫为池中之鬼铨郎乍吓惊悬梁上之缳凡逆竖之屠僇士绅皆本犯之预谋帷幄选娼挟妓歌舞达于朝昏鬻爵卖官黄金高于北斗假山冰泮游釜魂销虽已幽快于鬼诛仍当明章于国法
9785	18077	10	0.9	62979	56875	二十六日奉圣旨览奏	二十六日奉圣旨览奏
9785	18077	41	1.0	62990	56976	议明确着行原籍抚按魏忠贤于河间府戮尸凌迟崔呈秀于蓟州斩首其客氏身尸亦着查出斩首示众	议明确着行原籍抚按魏忠贤于河间府戮尸凌迟崔呈秀于蓟州斩首其客氏身尸亦着查出斩首示众
9785	18077	13	0.8461538461538461	64833	53555	都御史杨涟老爷工部郎中万燝	都御史杨涟等同工部郎中万燝
9785	18077	10	0.8	65245	51799	魏忠贤客氏崔呈秀	魏忠贤客氏崔呈秀
9785	18077	10	0.8	67130	51799	魏忠贤客氏崔呈秀	魏忠贤客氏崔呈秀
9785	18077	12	0.9166666666666666	70011	26587	时肯悔过自新也不失为好人	时肯悔过自新亦不失为好人
9785	18077	10	0.8	73403	18078	都察院右 都御史杨	都察院右副都御史杨